id;nome;vmax;vmin;pcv0;pcv1;pcv2;pcv3;pcv4;prodesp;teif;iph;pinst;cfuga;cphid
24;EMBORCACAO  ;17725;4669;568.0898;0.014506;-0.000001202799;5.830299E-11;-1.1245E-15;0.00904;0.671;1.599;1192;520.72;0.98
25;NOVA PONTE  ;12792;2412;752.1499;0.0122835;-0.00000125688;7.852509E-11;-1.97863E-15;0.008978;0.755;2.977;510;696.25;1.68
26;MIRANDA     ;1120;974;684.7029;-0.004019;-0.000000793603;0.0000000278513;-1.42009E-11;0.008834;0.173;3.036;408;624.13;0.72
30;CORUMBA I   ;1500;470;545.8928;0.06470865;-0.0000323717;0.000000007393357;0;0.008845;4.327;2.342;375;516.68;0.69
31;ITUMBIARA   ;17027;4573;471.1648;0.00728054;-0.000000560989;2.59776E-11;-4.845359E-16;0.008958;4.611;3.592;2082;434.51;0.75
32;CACH.DOURADA;460;460;433.3584;0;0;0;0;0.008568;1.494;4.152;34;401.23;0.59
33;SAO SIMAO   ;12540;7000;358.3289;0.00861726;-0.0000008842659;5.293249E-11;-1.24196E-15;0.009104;1.134;5.581;1710;327.05;0.81
